GROUP_DATE,INCIDENT_DATETIME,INITIAL_SEVERITY_LEVEL_CODE
2016/01/01,4879,4.139372822299651
2016/01/02,3439,4.165455074149462
2016/01/03,3433,4.230702009903874
2016/01/04,3707,4.241704882654438
2016/01/05,3614,4.215273934698395
2016/01/06,3913,4.2967032967032965
2016/01/07,3862,4.228896944588296
2016/01/08,3874,4.2480640165203924
2016/01/09,3765,4.242762284196547
2016/01/10,3492,4.1815578465063
2016/01/11,3789,4.217471628397994
2016/01/12,3702,4.266342517558077
2016/01/13,3718,4.240182894029048
2016/01/14,3709,4.2601779455378805
2016/01/15,3858,4.215396578538103
2016/01/16,3652,4.1645673603504925
2016/01/17,3472,4.168778801843318
2016/01/18,3484,4.262342135476464
2016/01/19,3885,4.245302445302445
2016/01/20,3770,4.241114058355437
2016/01/21,3758,4.237892496008516
2016/01/22,3905,4.251472471190781
2016/01/23,3994,4.270155232849274
2016/01/24,3982,4.181064791562029
2016/01/25,4558,4.278630978499342
2016/01/26,4253,4.270867622854456
2016/01/27,3966,4.252647503782148
2016/01/28,4039,4.239910869026986
2016/01/29,4068,4.240904621435595
2016/01/30,3753,4.208100186517453
2016/01/31,3663,4.182637182637182
2016/02/01,4124,4.246362754607177
2016/02/02,4077,4.253863134657837
2016/02/03,3904,4.248975409836065
2016/02/04,4027,4.262478271666253
2016/02/05,4007,4.23733466433741
2016/02/06,3798,4.231700895208005
2016/02/07,3539,4.156541395874541
2016/02/08,3769,4.213319182807111
2016/02/09,3846,4.22646905876235
2016/02/10,3921,4.288191787809232
2016/02/11,3848,4.228690228690229
2016/02/12,3872,4.229338842975206
2016/02/13,3622,4.197680839315296
2016/02/14,3443,4.185884403136799
2016/02/15,3785,4.2100396301188905
2016/02/16,4161,4.2028358567652
2016/02/17,3813,4.295567794387622
2016/02/18,3777,4.278792692613185
2016/02/19,3801,4.184951328597737
2016/02/20,3912,4.167433537832311
2016/02/21,3653,4.134683821516561
2016/02/22,4110,4.184671532846715
2016/02/23,3861,4.2994042994043
2016/02/24,3999,4.2448112028007
2016/02/25,3982,4.2262682069311905
2016/02/26,4079,4.231429271880363
2016/02/27,3776,4.17770127118644
2016/02/28,3649,4.08687311592217
2016/02/29,4177,4.146756045008379
2016/03/01,4026,4.236214605067064
2016/03/02,3913,4.221058011755686
2016/03/03,3970,4.214609571788413
2016/03/04,4069,4.274268862128287
2016/03/05,3876,4.121517027863777
2016/03/06,3749,4.173646305681515
2016/03/07,4353,4.204226969905812
2016/03/08,4281,4.154870357393133
2016/03/09,4395,4.223435722411832
2016/03/10,4450,4.2202247191011235
2016/03/11,4428,4.2985546522131886
2016/03/12,3997,4.176132099074306
2016/03/13,3666,4.0793780687397705
2016/03/14,4083,4.21356845456772
2016/03/15,4182,4.253228120516499
2016/03/16,4001,4.2279430142464385
2016/03/17,4277,4.245265372924948
2016/03/18,4055,4.230826140567201
2016/03/19,3605,4.169209431345354
2016/03/20,3408,4.220950704225352
2016/03/21,3896,4.270277207392197
2016/03/22,3802,4.2498684902682795
2016/03/23,4053,4.248951394029114
2016/03/24,3981,4.276061291132881
2016/03/25,3850,4.179220779220779
2016/03/26,3569,4.176520033622864
2016/03/27,3418,4.195435927442949
2016/03/28,3874,4.280588538977801
2016/03/29,3728,4.247049356223176
2016/03/30,3982,4.215720743345052
2016/03/31,4027,4.250558728582071
2016/04/01,4346,4.206166589967786
2016/04/02,3897,4.204003079291763
2016/04/03,3501,4.163096258211939
2016/04/04,3965,4.189407313997478
2016/04/05,3877,4.237554810420428
2016/04/06,3895,4.275224646983312
2016/04/07,3948,4.23758865248227
2016/04/08,3922,4.291687914329424
2016/04/09,3482,4.169155657668007
2016/04/10,3582,4.150474595198213
2016/04/11,4069,4.24404030474318
2016/04/12,3824,4.296025104602511
2016/04/13,4038,4.2865279841505695
2016/04/14,3898,4.332478193945613
2016/04/15,3950,4.22379746835443
2016/04/16,3886,4.167524446731858
2016/04/17,3876,4.148090815273478
2016/04/18,4150,4.263614457831325
2016/04/19,4122,4.244056283357593
2016/04/20,4028,4.313306852035749
2016/04/21,4172,4.228427612655801
2016/04/22,4218,4.255334281650071
2016/04/23,3908,4.229529170931423
2016/04/24,3550,4.197464788732394
2016/04/25,4054,4.21238283177109
2016/04/26,3596,4.2316462736373746
2016/04/27,3742,4.254142169962587
2016/04/28,3529,4.256446585434968
2016/04/29,3609,4.16043225270158
2016/04/30,3859,4.1103912930811095
2016/05/01,3353,4.206084103787653
2016/05/02,3833,4.233759457344117
2016/05/03,3913,4.2317914643496035
2016/05/04,3964,4.270433905146317
2016/05/05,3787,4.26089252706628
2016/05/06,3936,4.223577235772358
2016/05/07,3690,4.195392953929539
2016/05/08,3642,4.176276771004942
2016/05/09,4176,4.248802681992337
2016/05/10,3973,4.238862320664485
2016/05/11,4268,4.17174320524836
2016/05/12,4178,4.258736237434179
2016/05/13,3941,4.2793707180918545
2016/05/14,3782,4.14304600740349
2016/05/15,3569,4.201176800224152
2016/05/16,4077,4.295805739514349
2016/05/17,3927,4.297937356760886
2016/05/18,3920,4.281122448979592
2016/05/19,3942,4.269660071029934
2016/05/20,4227,4.248639697184765
2016/05/21,3782,4.185880486515072
2016/05/22,3610,4.130470914127423
2016/05/23,4129,4.203196899975781
2016/05/24,3983,4.201104694953552
2016/05/25,4268,4.262652296157451
2016/05/26,4309,4.2443722441401714
2016/05/27,4354,4.204180064308682
2016/05/28,4202,4.168015230842456
2016/05/29,4049,4.1931341071869594
2016/05/30,3661,4.1652553947009014
2016/05/31,4338,4.2139234670355
2016/06/01,4170,4.253717026378897
2016/06/02,4073,4.224895654308863
2016/06/03,3989,4.283529706693407
2016/06/04,3970,4.207304785894206
2016/06/05,3585,4.194142259414226
2016/06/06,4309,4.198653980041773
2016/06/07,4116,4.2592322643343055
2016/06/08,3862,4.277058518902123
2016/06/09,3832,4.203288100208768
2016/06/10,4279,4.2470203318532365
2016/06/11,4241,4.161518509785428
2016/06/12,4062,4.220088626292466
2016/06/13,4051,4.3206615650456675
2016/06/14,3919,4.301862720081654
2016/06/15,4088,4.274706457925636
2016/06/16,3986,4.267686904164576
2016/06/17,4086,4.2594224180127265
2016/06/18,4127,4.15919554155561
2016/06/19,3855,4.169649805447471
2016/06/20,4236,4.23371104815864
2016/06/21,4117,4.234879766820501
2016/06/22,4135,4.27738814993954
2016/06/23,4087,4.242720822118914
2016/06/24,4292,4.179403541472507
2016/06/25,3965,4.249432534678436
2016/06/26,3904,4.209016393442623
2016/06/27,4339,4.271952062687255
2016/06/28,3857,4.285455016852476
2016/06/29,4110,4.300729927007299
2016/06/30,4121,4.2266440184421255
2016/07/01,4009,4.253429782988277
2016/07/02,3882,4.134981968057702
2016/07/03,3876,4.208978328173375
2016/07/04,3800,4.159736842105263
2016/07/05,4295,4.221420256111758
2016/07/06,4172,4.24209012464046
2016/07/07,4363,4.283978913591565
2016/07/08,4101,4.318702755425506
2016/07/09,3693,4.184944489574871
2016/07/10,3864,4.268115942028985
2016/07/11,4081,4.219554030874786
2016/07/12,4109,4.23704064249209
2016/07/13,4048,4.212203557312253
2016/07/14,4143,4.24112961622013
2016/07/15,4312,4.215909090909091
2016/07/16,4075,4.196564417177914
2016/07/17,4077,4.189845474613686
2016/07/18,4383,4.253251197809719
2016/07/19,3958,4.255937342091966
2016/07/20,4003,4.285286035473395
2016/07/21,4061,4.278256587047525
2016/07/22,4208,4.217442965779468
2016/07/23,4344,4.158379373848987
2016/07/24,4116,4.19533527696793
2016/07/25,4240,4.26816037735849
2016/07/26,4113,4.236080719669341
2016/07/27,4233,4.22867942357666
2016/07/28,4128,4.203003875968992
2016/07/29,4010,4.269825436408977
2016/07/30,4053,4.176905995558846
2016/07/31,3770,4.2151193633952255
2016/08/01,4000,4.2335
2016/08/02,4101,4.215313338210192
2016/08/03,3941,4.244861710225831
2016/08/04,3926,4.236372898624555
2016/08/05,3993,4.253693964437766
2016/08/06,4051,4.201431745248087
2016/08/07,3834,4.250130412102243
2016/08/08,4151,4.244519392917369
2016/08/09,3965,4.309709962168979
2016/08/10,4033,4.271014133399454
2016/08/11,4319,4.2475109979161845
2016/08/12,4286,4.192020531964536
2016/08/13,4475,4.137206703910614
2016/08/14,4295,4.152968568102445
2016/08/15,4363,4.242493696997479
2016/08/16,4179,4.323283082077052
2016/08/17,4026,4.294336810730253
2016/08/18,4024,4.308151093439363
2016/08/19,4250,4.247294117647058
2016/08/20,4062,4.162235352043329
2016/08/21,3909,4.171143514965464
2016/08/22,3831,4.301487862176978
2016/08/23,3870,4.32015503875969
2016/08/24,3889,4.282077654924145
2016/08/25,3980,4.334170854271357
2016/08/26,4174,4.20723526593196
2016/08/27,3867,4.184122058443237
2016/08/28,3812,4.226128016789087
2016/08/29,4036,4.244053518334985
2016/08/30,3767,4.310326519777011
2016/08/31,3990,4.292731829573935
2016/09/01,3954,4.276934749620637
2016/09/02,4005,4.191011235955056
2016/09/03,3850,4.178181818181818
2016/09/04,3689,4.159392789373814
2016/09/05,3812,4.240818467995803
2016/09/06,3845,4.267100130039012
2016/09/07,3954,4.267577137076378
2016/09/08,4169,4.221396018229791
2016/09/09,4330,4.237644341801386
2016/09/10,4257,4.19661733615222
2016/09/11,3896,4.208162217659138
2016/09/12,3963,4.2687358062074185
2016/09/13,4154,4.282859894077997
2016/09/14,4088,4.305772994129159
2016/09/15,3898,4.295792714212417
2016/09/16,4010,4.222443890274314
2016/09/17,3943,4.183362921633274
2016/09/18,3833,4.243673362901122
2016/09/19,3938,4.310055865921788
2016/09/20,4228,4.236754966887418
2016/09/21,4110,4.295133819951338
2016/09/22,4167,4.275497960163187
2016/09/23,4361,4.25154781013529
2016/09/24,3813,4.205874639391555
2016/09/25,3787,4.1584367573277
2016/09/26,3977,4.202665325622329
2016/09/27,3952,4.228997975708502
2016/09/28,3726,4.2321524422973695
2016/09/29,3632,4.26238986784141
2016/09/30,3887,4.220221250321584
2016/10/01,3704,4.1968142548596115
2016/10/02,3710,4.174393530997304
2016/10/03,3842,4.197813638729828
2016/10/04,3656,4.227571115973742
2016/10/05,4001,4.219945013746563
2016/10/06,3983,4.2066281697213155
2016/10/07,4127,4.147080203537679
2016/10/08,3809,4.211079023365713
2016/10/09,3447,4.206266318537859
2016/10/10,3749,4.186716457722059
2016/10/11,4032,4.213293650793651
2016/10/12,3806,4.206516027325276
2016/10/13,4097,4.202099096900171
2016/10/14,3991,4.203207216236533
2016/10/15,3750,4.168533333333333
2016/10/16,3751,4.158624366835511
2016/10/17,4344,4.254143646408839
2016/10/18,4169,4.253058287359079
2016/10/19,4135,4.24981862152358
2016/10/20,3978,4.2596782302664655
2016/10/21,4211,4.22322488720019
2016/10/22,3579,4.240290583962
2016/10/23,3605,4.191678224687934
2016/10/24,3913,4.255813953488372
2016/10/25,3613,4.258510932742873
2016/10/26,3706,4.175391257420399
2016/10/27,3748,4.309498399146212
2016/10/28,3873,4.210947585850762
2016/10/29,3713,4.154861298141665
2016/10/30,4064,4.1515748031496065
2016/10/31,3743,4.245792145337965
2016/11/01,3997,4.2249186890167625
2016/11/02,3947,4.274638966303522
2016/11/03,4083,4.239774675483713
2016/11/04,4129,4.20053281666263
2016/11/05,3598,4.218732629238466
2016/11/06,3868,4.276111685625646
2016/11/07,3906,4.225806451612903
2016/11/08,3686,4.212425393380358
2016/11/09,3841,4.245248633168446
2016/11/10,3871,4.220614828209765
2016/11/11,3678,4.190048939641109
2016/11/12,3584,4.174107142857143
2016/11/13,3555,4.2444444444444445
2016/11/14,4070,4.2004914004914005
2016/11/15,3794,4.266473379019504
2016/11/16,3942,4.300355149670218
2016/11/17,3967,4.238467355684397
2016/11/18,4102,4.175524134568503
2016/11/19,3917,4.157773806484554
2016/11/20,3420,4.138888888888889
2016/11/21,3752,4.266257995735607
2016/11/22,3689,4.262401734887503
2016/11/23,3650,4.216986301369863
2016/11/24,3180,4.223584905660378
2016/11/25,3833,4.204278632924602
2016/11/26,3494,4.214653692043503
2016/11/27,3421,4.223034200526162
2016/11/28,3914,4.262902401635156
2016/11/29,3945,4.268694550063372
2016/11/30,3892,4.279547790339158
2016/12/01,4125,4.2610909090909095
2016/12/02,4164,4.2195004803073966
2016/12/03,3732,4.209807073954984
2016/12/04,3512,4.188211845102506
2016/12/05,4145,4.282026537997587
2016/12/06,4051,4.265613428783016
2016/12/07,4078,4.2302599313388916
2016/12/08,4100,4.31609756097561
2016/12/09,3932,4.290437436419126
2016/12/10,3786,4.201267828843106
2016/12/11,3571,4.147297675721086
2016/12/12,4076,4.22252208047105
2016/12/13,4098,4.268911664226452
2016/12/14,4115,4.267071688942892
2016/12/15,4145,4.283715319662243
2016/12/16,4121,4.314486775054599
2016/12/17,3928,4.22225050916497
2016/12/18,3969,4.165532879818594
2016/12/19,4194,4.236289938006676
2016/12/20,4044,4.286350148367952
2016/12/21,4086,4.217572197748409
2016/12/22,4180,4.255023923444976
2016/12/23,4362,4.182255845942229
2016/12/24,4024,4.200298210735586
2016/12/25,3582,4.193746510329425
2016/12/26,3940,4.210406091370558
2016/12/27,4315,4.168945538818076
2016/12/28,3987,4.219463255580637
2016/12/29,3951,4.219691217413313
2016/12/30,3941,4.233189545800558
2016/12/31,3871,4.1500904159132
2017/01/01,4928,4.19622564935065
2017/01/02,3685,4.181818181818182
2017/01/03,4302,4.205485820548582
2017/01/04,4450,4.290337078651685
2017/01/05,3957,4.29618397776093
2017/01/06,4097,4.317305345374664
2017/01/07,3948,4.334853090172239
2017/01/08,3634,4.283984589983489
2017/01/09,4258,4.256693283231564
2017/01/10,4152,4.270472061657033
2017/01/11,4310,4.251972157772622
2017/01/12,4407,4.294985250737463
2017/01/13,4073,4.260495948931991
2017/01/14,3663,4.177996177996178
2017/01/15,3627,4.228839261097326
2017/01/16,3743,4.209724819663371
2017/01/17,4019,4.238616571286389
2017/01/18,3845,4.300130039011703
2017/01/19,4057,4.183386738969682
2017/01/20,4113,4.238268903476781
2017/01/21,3874,4.185854414042334
2017/01/22,3729,4.27219093590775
2017/01/23,4106,4.3037018996590355
2017/01/24,3863,4.290447838467513
2017/01/25,4051,4.239200197482103
2017/01/26,4054,4.331771090281204
2017/01/27,3878,4.2612171222279525
2017/01/28,3872,4.216942148760331
2017/01/29,3523,4.189043428895827
2017/01/30,3981,4.219542828435067
2017/01/31,3702,4.25472717450027
2017/02/01,3932,4.2438962360122074
2017/02/02,3879,4.248259860788863
2017/02/03,3990,4.276691729323308
2017/02/04,3744,4.208867521367521
2017/02/05,3773,4.2682215743440235
2017/02/06,4153,4.3168793643149534
2017/02/07,4009,4.2644050885507605
2017/02/08,4315,4.215063731170336
2017/02/09,3368,4.298396674584323
2017/02/10,4122,4.3432799611838915
2017/02/11,4015,4.259028642590287
2017/02/12,3590,4.213091922005571
2017/02/13,4058,4.313701330704781
2017/02/14,4025,4.275776397515528
2017/02/15,4112,4.298151750972763
2017/02/16,3707,4.243862961963853
2017/02/17,3893,4.243000256871308
2017/02/18,3834,4.228482003129891
2017/02/19,3834,4.246739697443923
2017/02/20,3663,4.253071253071253
2017/02/21,3628,4.278114663726571
2017/02/22,3626,4.264202978488693
2017/02/23,3695,4.264952638700947
2017/02/24,4064,4.262795275590551
2017/02/25,3794,4.2374802319451765
2017/02/26,3376,4.236078199052133
2017/02/27,3849,4.310730059755781
2017/02/28,3774,4.3052464228934815
2017/03/01,3961,4.296389800555415
2017/03/02,3828,4.295715778474399
2017/03/03,3858,4.255572835666149
2017/03/04,3523,4.221969912006813
2017/03/05,3361,4.239214519488248
2017/03/06,3860,4.308031088082902
2017/03/07,3801,4.304393580636675
2017/03/08,3805,4.279369250985545
2017/03/09,3946,4.272934617334009
2017/03/10,3669,4.316980103570455
2017/03/11,3423,4.231083844580777
2017/03/12,3288,4.179136253041363
2017/03/13,4036,4.260901883052528
2017/03/14,3180,4.318867924528302
2017/03/15,4224,4.405776515151516
2017/03/16,4247,4.35530963032729
2017/03/17,4406,4.292328642759873
2017/03/18,3813,4.2145292420666145
2017/03/19,3700,4.233243243243243
2017/03/20,4159,4.2433277230103394
2017/03/21,3991,4.335003758456527
2017/03/22,3840,4.301822916666667
2017/03/23,3863,4.361636034170334
2017/03/24,3947,4.305548517861667
2017/03/25,3764,4.241498405951116
2017/03/26,3485,4.230416068866571
2017/03/27,4085,4.262913096695226
2017/03/28,3713,4.328575276057097
2017/03/29,3878,4.2872614749871065
2017/03/30,3919,4.295993875988772
2017/03/31,3770,4.312732095490716
2017/04/01,3613,4.259341267644617
2017/04/02,3841,4.173392345743296
2017/04/03,4269,4.181307097680956
2017/04/04,4000,4.31
2017/04/05,4175,4.237844311377246
2017/04/06,3946,4.301064368981247
2017/04/07,4173,4.291876347951114
2017/04/08,3709,4.215691561067673
2017/04/09,3755,4.139547270306259
2017/04/10,4048,4.242835968379446
2017/04/11,3965,4.322320302648172
2017/04/12,3831,4.269903419472723
2017/04/13,3793,4.251252306881097
2017/04/14,3781,4.289870404654853
2017/04/15,3726,4.212023617820719
2017/04/16,4021,4.247948271574235
2017/04/17,3962,4.307420494699647
2017/04/18,3796,4.350632244467861
2017/04/19,3835,4.342372881355932
2017/04/20,4105,4.335931790499391
2017/04/21,4005,4.349063670411985
2017/04/22,3812,4.246327387198321
2017/04/23,3788,4.24234424498416
2017/04/24,4108,4.262171372930867
2017/04/25,3960,4.2727272727272725
2017/04/26,3915,4.289655172413793
2017/04/27,4115,4.377885783718105
2017/04/28,4350,4.290344827586207
2017/04/29,4360,4.215137614678899
2017/04/30,3678,4.330342577487765
2017/05/01,4346,4.294523699953981
2017/05/02,4409,4.228623270582899
2017/05/03,4114,4.245503159941663
2017/05/04,4205,4.285374554102259
2017/05/05,4046,4.248887790410282
2017/05/06,4031,4.220044653932026
2017/05/07,3758,4.290580095795636
2017/05/08,4225,4.257514792899408
2017/05/09,4050,4.320493827160494
2017/05/10,4094,4.29628724963361
2017/05/11,4081,4.313893653516295
2017/05/12,4278,4.2833099579242635
2017/05/13,3559,4.241640910368081
2017/05/14,3675,4.220408163265306
2017/05/15,4364,4.275664527956003
2017/05/16,4120,4.282281553398058
2017/05/17,4529,4.276219916096268
2017/05/18,4836,4.2487593052109185
2017/05/19,4975,4.300904522613065
2017/05/20,4095,4.327472527472527
2017/05/21,3972,4.2497482376636455
2017/05/22,4123,4.30657288382246
2017/05/23,4091,4.362747494500122
2017/05/24,4190,4.310023866348448
2017/05/25,4037,4.313351498637602
2017/05/26,4253,4.232776863390548
2017/05/27,3888,4.221707818930041
2017/05/28,3721,4.248857833915614
2017/05/29,3484,4.285591274397245
2017/05/30,4023,4.34277902063137
2017/05/31,4156,4.311838306063523
2017/06/01,4257,4.254169603006813
2017/06/02,4282,4.2265296590378325
2017/06/03,4162,4.228495915425277
2017/06/04,3855,4.26822308690013
2017/06/05,4271,4.3275579489580895
2017/06/06,3898,4.3383786557208825
2017/06/07,4030,4.290818858560794
2017/06/08,3913,4.263991822131357
2017/06/09,4356,4.266299357208448
2017/06/10,4452,4.1610512129380055
2017/06/11,4362,4.133654287024301
2017/06/12,4544,4.246919014084507
2017/06/13,4671,4.310640119888675
2017/06/14,4528,4.286219081272085
2017/06/15,4257,4.3232323232323235
2017/06/16,4106,4.372138334145154
2017/06/17,3898,4.229348383786557
2017/06/18,4032,4.220982142857143
2017/06/19,4465,4.28040313549832
2017/06/20,4142,4.320376629647513
2017/06/21,4274,4.302058961160506
2017/06/22,4385,4.250627137970353
2017/06/23,4458,4.288245850157021
2017/06/24,4215,4.2673784104389085
2017/06/25,4353,4.246266942338617
2017/06/26,4211,4.325575872714319
2017/06/27,4306,4.258012076172782
2017/06/28,4158,4.311688311688312
2017/06/29,4035,4.295662949194548
2017/06/30,4284,4.294117647058823
2017/07/01,4184,4.217256214149139
2017/07/02,4036,4.190535183349851
2017/07/03,4115,4.30498177399757
2017/07/04,3923,4.330359418812134
2017/07/05,4399,4.360763809956809
2017/07/06,3967,4.338290899924376
2017/07/07,4109,4.3560477001703575
2017/07/08,3988,4.238716148445336
2017/07/09,3856,4.256742738589212
2017/07/10,4363,4.271372908549163
2017/07/11,4153,4.301468817722129
2017/07/12,4264,4.293621013133208
2017/07/13,4344,4.292357274401473
2017/07/14,3685,4.3807327001356855
2017/07/15,4095,4.281807081807082
2017/07/16,4102,4.226962457337884
2017/07/17,4305,4.267595818815331
2017/07/18,4218,4.357752489331436
2017/07/19,4189,4.317975650513249
2017/07/20,4340,4.292165898617512
2017/07/21,4470,4.342281879194631
2017/07/22,4331,4.2567536365735394
2017/07/23,3901,4.268649064342476
2017/07/24,3853,4.325201141967298
2017/07/25,3847,4.343124512607226
2017/07/26,3996,4.311061061061061
2017/07/27,3893,4.333162085795017
2017/07/28,4015,4.273972602739726
2017/07/29,3702,4.334683954619125
2017/07/30,3841,4.296016662327519
2017/07/31,4004,4.3441558441558445
2017/08/01,4245,4.29399293286219
2017/08/02,4068,4.273598820058997
2017/08/03,4193,4.332697352730742
2017/08/04,4329,4.274890274890275
2017/08/05,3911,4.296855024290463
2017/08/06,3762,4.282030834662414
2017/08/07,3851,4.34770189561153
2017/08/08,3988,4.38665997993982
2017/08/09,4127,4.319360310152653
2017/08/10,4227,4.334752779749231
2017/08/11,3979,4.337773309876853
2017/08/12,3905,4.273751600512164
2017/08/13,4009,4.304564729358942
2017/08/14,4167,4.363330933525318
2017/08/15,3894,4.3574730354391376
2017/08/16,4129,4.299830467425527
2017/08/17,4122,4.349587578845221
2017/08/18,4064,4.324064960629921
2017/08/19,4155,4.2539109506618535
2017/08/20,3914,4.231987736331119
2017/08/21,4226,4.350212967345007
2017/08/22,4255,4.299647473560517
2017/08/23,3915,4.361430395913154
2017/08/24,3895,4.346084724005134
2017/08/25,4061,4.296724944594927
2017/08/26,3811,4.281815796378903
2017/08/27,3843,4.286494925839188
2017/08/28,3816,4.290880503144654
2017/08/29,3500,4.359428571428571
2017/08/30,3944,4.334685598377282
2017/08/31,3755,4.299334221038615
2017/09/01,3972,4.319234642497483
2017/09/02,3885,4.264607464607464
2017/09/03,3578,4.275852431525992
2017/09/04,3966,4.275844679778114
2017/09/05,4201,4.3037372054272796
2017/09/06,3789,4.344154130377408
2017/09/07,3947,4.281732961743096
2017/09/08,4015,4.34321295143213
2017/09/09,3913,4.252236135957066
2017/09/10,3678,4.241163675910821
2017/09/11,4110,4.319708029197081
2017/09/12,4205,4.376456599286564
2017/09/13,4310,4.376102088167054
2017/09/14,4391,4.313140514689137
2017/09/15,4508,4.260204081632653
2017/09/16,4388,4.283956244302644
2017/09/17,4161,4.284306657053593
2017/09/18,4335,4.315109573241061
2017/09/19,4146,4.3777134587554265
2017/09/20,4279,4.3381631222248185
2017/09/21,4054,4.3376911692155895
2017/09/22,4087,4.331783704428676
2017/09/23,4236,4.195467422096317
2017/09/24,4287,4.248425472358292
2017/09/25,4296,4.294227188081937
2017/09/26,4150,4.325060240963856
2017/09/27,4453,4.273972602739726
2017/09/28,4077,4.344616139318126
2017/09/29,4104,4.293615984405458
2017/09/30,3863,4.186642505824489
2017/10/01,3886,4.227483273288729
2017/10/02,4083,4.25618417830027
2017/10/03,3973,4.354140448024163
2017/10/04,4190,4.325775656324582
2017/10/05,4257,4.268029128494245
2017/10/06,4344,4.298112338858195
2017/10/07,4266,4.2878574777308955
2017/10/08,3934,4.240213523131673
2017/10/09,3880,4.280927835051546
2017/10/10,4472,4.3658318425760285
2017/10/11,4079,4.343956852169649
2017/10/12,4031,4.369635326221781
2017/10/13,4027,4.330270672957536
2017/10/14,4031,4.227486975936492
2017/10/15,3945,4.213434727503168
2017/10/16,4117,4.355598736944377
2017/10/17,3896,4.2902977412731005
2017/10/18,4170,4.2745803357314145
2017/10/19,4244,4.238925541941565
2017/10/20,4206,4.2620066571564434
2017/10/21,3949,4.249177006837174
2017/10/22,3909,4.249936045024303
2017/10/23,4296,4.321927374301676
2017/10/24,3995,4.356695869837297
2017/10/25,4034,4.337878036688151
2017/10/26,3904,4.386526639344262
2017/10/27,4114,4.295333009236753
2017/10/28,4029,4.234053114916853
2017/10/29,3901,4.256344527044347
2017/10/30,3983,4.264624654782827
2017/10/31,3883,4.335565284573783
2017/11/01,4100,4.285853658536586
2017/11/02,4489,4.256850077968367
2017/11/03,4532,4.287069726390115
2017/11/04,3831,4.243800574262595
2017/11/05,4084,4.224534769833497
2017/11/06,4305,4.302439024390244
2017/11/07,3697,4.336489045171761
2017/11/08,3915,4.2914431673052365
2017/11/09,4011,4.31563201196709
2017/11/10,3833,4.273154187320636
2017/11/11,3792,4.2215189873417724
2017/11/12,3613,4.287849432604483
2017/11/13,4023,4.306239125031071
2017/11/14,3912,4.32719836400818
2017/11/15,3973,4.30103196576894
2017/11/16,4066,4.327102803738318
2017/11/17,3985,4.261731493099122
2017/11/18,3900,4.266410256410256
2017/11/19,3671,4.173522201035141
2017/11/20,4045,4.291223733003708
2017/11/21,3922,4.271290158082611
2017/11/22,4057,4.3433571604633965
2017/11/23,3383,4.1708542713567835
2017/11/24,3896,4.252053388090349
2017/11/25,3844,4.196409989594173
2017/11/26,3520,4.2355113636363635
2017/11/27,4281,4.3032001868722265
2017/11/28,4036,4.314667988107037
2017/11/29,4132,4.310745401742498
2017/11/30,4052,4.279368213228036
2017/12/01,4353,4.270158511371468
2017/12/02,3957,4.179428860247662
2017/12/03,3824,4.140167364016737
2017/12/04,4340,4.234101382488479
2017/12/05,4213,4.336339900308569
2017/12/06,4124,4.332201745877788
2017/12/07,4096,4.302978515625
2017/12/08,4124,4.25266731328807
2017/12/09,3786,4.275224511357633
2017/12/10,3778,4.25436739015352
2017/12/11,4296,4.296787709497207
2017/12/12,4143,4.252474052618875
2017/12/13,3919,4.321255422301608
2017/12/14,4080,4.262745098039216
2017/12/15,4503,4.244947812569398
2017/12/16,3890,4.205141388174807
2017/12/17,3828,4.1802507836990594
2017/12/18,4340,4.257834101382488
2017/12/19,4155,4.3143200962695545
2017/12/20,4026,4.256582215598609
2017/12/21,4097,4.235294117647059
2017/12/22,4379,4.191596254852706
2017/12/23,3920,4.233418367346939
2017/12/24,3592,4.1940423162583516
2017/12/25,3401,4.179064980887974
2017/12/26,3814,4.2566858940744625
2017/12/27,3944,4.2520283975659225
2017/12/28,3928,4.280040733197556
2017/12/29,4011,4.270256793817003
2017/12/30,4021,4.196468540164139
2017/12/31,3734,4.265399035886449
2018/01/01,4653,4.137975499677627
2018/01/02,4242,4.166666666666667
2018/01/03,4602,4.228161668839635
2018/01/04,4000,4.252
2018/01/05,4873,4.352349681920788
2018/01/06,4427,4.264513214366388
2018/01/07,4045,4.204202719406675
2018/01/08,4666,4.264894984997857
2018/01/09,4622,4.233448723496322
2018/01/10,4610,4.259002169197397
2018/01/11,4630,4.2539956803455725
2018/01/12,4775,4.227225130890052
2018/01/13,4108,4.233690360272639
2018/01/14,3741,4.209035017375033
2018/01/15,3932,4.2576297049847405
2018/01/16,4379,4.261018497373829
2018/01/17,3978,4.344142785319256
2018/01/18,4193,4.253517767708085
2018/01/19,4188,4.226838586437441
2018/01/20,4161,4.220620043258832
2018/01/21,3976,4.260814889336016
2018/01/22,4526,4.279275298276624
2018/01/23,4289,4.28374912567032
2018/01/24,4202,4.287482151356497
2018/01/25,4051,4.253517649962972
2018/01/26,4262,4.2595025809479115
2018/01/27,4091,4.241750183329259
2018/01/28,3851,4.218125162295507
2018/01/29,4177,4.299497246827867
2018/01/30,4227,4.343979181452567
2018/01/31,4129,4.300557035601841
2018/02/01,4274,4.227187646233037
2018/02/02,4345,4.245339470655926
2018/02/03,4028,4.249006951340616
2018/02/04,4063,4.181885306423824
2018/02/05,4553,4.215901603338458
2018/02/06,4286,4.318712085860943
2018/02/07,4165,4.263865546218487
2018/02/08,4405,4.261293984108967
2018/02/09,4434,4.2686062246278755
2018/02/10,4264,4.164399624765478
2018/02/11,4049,4.192640158063719
2018/02/12,4521,4.257243972572439
2018/02/13,4414,4.2951971001359315
2018/02/14,4448,4.237634892086331
2018/02/15,4558,4.270732777534006
2018/02/16,4455,4.279012345679012
2018/02/17,3976,4.331237424547283
2018/02/18,3777,4.311887741593858
2018/02/19,3765,4.2629482071713145
2018/02/20,4320,4.2689814814814815
2018/02/21,4325,4.227745664739884
2018/02/22,4031,4.304887124782932
2018/02/23,3885,4.234491634491635
2018/02/24,3806,4.214135575407251
2018/02/25,3514,4.240751280591918
2018/02/26,4156,4.276948989412897
2018/02/27,3944,4.282707910750507
2018/02/28,4064,4.264763779527559
2018/03/01,4156,4.288017324350337
2018/03/02,3956,4.265166835187058
2018/03/03,3720,4.256989247311828
2018/03/04,3708,4.165857605177994
2018/03/05,3984,4.296686746987952
2018/03/06,4092,4.282258064516129
2018/03/07,3577,4.378529493989377
2018/03/08,4116,4.320213799805637
2018/03/09,4174,4.285098227120268
2018/03/10,3821,4.263805286574195
2018/03/11,3549,4.228233305156382
2018/03/12,4135,4.289721886336155
2018/03/13,3796,4.368018967334036
2018/03/14,4031,4.2473331679484
2018/03/15,4063,4.333743539256707
2018/03/16,4085,4.286658506731946
2018/03/17,3883,4.231006953386557
2018/03/18,3650,4.2
2018/03/19,4183,4.2854410710016735
2018/03/20,3974,4.296930045294413
2018/03/21,3312,4.358695652173913
2018/03/22,4064,4.339812992125984
2018/03/23,4347,4.293305728088336
2018/03/24,3925,4.251210191082802
2018/03/25,3749,4.282475326753801
2018/03/26,4173,4.304337407141145
2018/03/27,4078,4.354830799411476
2018/03/28,4084,4.381488736532811
2018/03/29,4079,4.322137778867369
2018/03/30,3985,4.288080301129234
2018/03/31,3936,4.157774390243903
2018/04/01,3677,4.138700027196084
2018/04/02,3757,4.288794250731967
2018/04/03,3910,4.309462915601023
2018/04/04,3960,4.268686868686869
2018/04/05,3957,4.282537275713925
2018/04/06,3951,4.253353581371805
2018/04/07,3901,4.208664445014099
2018/04/08,3595,4.176912378303199
2018/04/09,3946,4.272427774961987
2018/04/10,3961,4.281747033577379
2018/04/11,3917,4.289762573398009
2018/04/12,4111,4.310386767209924
2018/04/13,4539,4.242344128662701
2018/04/14,4431,4.247799593771158
2018/04/15,3667,4.244068721025362
2018/04/16,4097,4.265560165975104
2018/04/17,3988,4.301654964894684
2018/04/18,4140,4.28743961352657
2018/04/19,4029,4.311243484735666
2018/04/20,4063,4.331282303716466
2018/04/21,4055,4.186683107274969
2018/04/22,3950,4.22379746835443
2018/04/23,4345,4.304948216340621
2018/04/24,4254,4.32698636577339
2018/04/25,3974,4.349773527931555
2018/04/26,4307,4.271650801021592
2018/04/27,4141,4.332045399661918
2018/04/28,4080,4.247303921568627
2018/04/29,3810,4.202887139107611
2018/04/30,4082,4.245222929936306
2018/05/01,4273,4.229815118183946
2018/05/02,4705,4.251434643995749
2018/05/03,4887,4.239615305913649
2018/05/04,4868,4.330936729663106
2018/05/05,4402,4.217855520218083
2018/05/06,4203,4.282179395669759
2018/05/07,4594,4.329560296038311
2018/05/08,4397,4.2917898567204915
2018/05/09,4321,4.327933348761861
2018/05/10,4286,4.292580494633691
2018/05/11,4597,4.233413095497063
2018/05/12,3934,4.210472801220132
2018/05/13,3746,4.210357714895889
2018/05/14,4218,4.2368421052631575
2018/05/15,4533,4.313037723362012
2018/05/16,4197,4.409340004765308
2018/05/17,4393,4.308672888686547
2018/05/18,4343,4.331568040524982
2018/05/19,3919,4.2171472314365905
2018/05/20,4470,4.191275167785235
2018/05/21,4627,4.299762264966501
2018/05/22,4217,4.276499881432298
2018/05/23,4589,4.284375680976248
2018/05/24,4534,4.32399647110719
2018/05/25,4797,4.28872211799041
2018/05/26,4643,4.175748438509585
2018/05/27,3853,4.315079159096808
2018/05/28,3716,4.32508073196986
2018/05/29,4799,4.258803917482809
2018/05/30,4218,4.325983878615458
2018/05/31,4013,4.330426115125841
2018/06/01,4590,4.3010893246187365
2018/06/02,4667,4.246196700235697
2018/06/03,3915,4.2786717752235
2018/06/04,4320,4.311342592592593
2018/06/05,4280,4.285514018691589
2018/06/06,4208,4.339591254752852
2018/06/07,4197,4.328568024779605
2018/06/08,4607,4.318428478402431
2018/06/09,4478,4.227333631085306
2018/06/10,4083,4.315454322801862
2018/06/11,4331,4.355114292311245
2018/06/12,4287,4.300209937018894
2018/06/13,4281,4.368839056295258
2018/06/14,4433,4.267538912700203
2018/06/15,4500,4.363111111111111
2018/06/16,4615,4.2314192849404115
2018/06/17,4495,4.238042269187987
2018/06/18,4974,4.266988339364697
2018/06/19,4636,4.312338222605694
2018/06/20,4570,4.3330415754923415
2018/06/21,4534,4.36193206881341
2018/06/22,4442,4.417154434939216
2018/06/23,4036,4.282953419226957
2018/06/24,4418,4.216613852421911
2018/06/25,4521,4.314532183145322
2018/06/26,4256,4.3031015037593985
2018/06/27,4029,4.359890791759742
2018/06/28,4330,4.304849884526559
2018/06/29,4610,4.2841648590021695
2018/06/30,4775,4.214240837696335
2018/07/01,4545,4.258085808580858
2018/07/02,4702,4.3368779242875375
2018/07/03,4502,4.257441137272323
2018/07/04,4381,4.295594613102032
2018/07/05,4981,4.304155792009636
2018/07/06,4298,4.286179618427175
2018/07/07,3936,4.292936991869919
2018/07/08,3888,4.325102880658436
2018/07/09,4184,4.316443594646271
2018/07/10,4451,4.299033924960683
2018/07/11,4429,4.279295552043351
2018/07/12,4298,4.317124243834342
2018/07/13,4360,4.31651376146789
2018/07/14,4472,4.244633273703041
2018/07/15,4087,4.346464399314901
2018/07/16,4564,4.338737949167397
2018/07/17,4441,4.36095473992344
2018/07/18,4441,4.291600990767845
2018/07/19,4254,4.308885754583921
2018/07/20,4293,4.288143489401351
2018/07/21,4230,4.257919621749409
2018/07/22,3859,4.296708991966831
2018/07/23,4202,4.335316515944788
2018/07/24,4339,4.311592532841669
2018/07/25,4046,4.3388531883341575
2018/07/26,4267,4.255917506444809
2018/07/27,4307,4.274204782911539
2018/07/28,4264,4.219043151969982
2018/07/29,4108,4.2577896786757545
2018/07/30,4353,4.297955433034689
2018/07/31,4198,4.2939494997617915
2018/08/01,4216,4.292220113851992
2018/08/02,4476,4.244638069705094
2018/08/03,4453,4.2683584100606335
2018/08/04,4433,4.229190164674035
2018/08/05,4415,4.285164212910532
2018/08/06,4738,4.261502743773744
2018/08/07,4497,4.321547698465643
2018/08/08,4422,4.33355947535052
2018/08/09,4519,4.327284797521576
2018/08/10,4554,4.284145805884936
2018/08/11,4031,4.34606797320764
2018/08/12,4222,4.247986736144008
2018/08/13,4213,4.320199382862568
2018/08/14,4160,4.342067307692307
2018/08/15,4342,4.318286503915246
2018/08/16,4549,4.353704110793581
2018/08/17,4566,4.226456416995182
2018/08/18,4222,4.259829464708669
2018/08/19,3914,4.2531936637710785
2018/08/20,4036,4.31788899900892
2018/08/21,4152,4.323940269749518
2018/08/22,4056,4.304240631163708
2018/08/23,4070,4.347665847665848
2018/08/24,4319,4.269738365362352
2018/08/25,4218,4.248221906116643
2018/08/26,4148,4.196962391513982
2018/08/27,4401,4.2969779595546465
2018/08/28,4552,4.2612038664323375
2018/08/29,4480,4.227008928571428
2018/08/30,4372,4.289798719121683
2018/08/31,4082,4.329495345418913
2018/09/01,4191,4.225483178239084
2018/09/02,4086,4.2452276064610865
2018/09/03,4546,4.252969643642763
2018/09/04,4603,4.2722137736258965
2018/09/05,4363,4.281686912674765
2018/09/06,4500,4.314444444444445
2018/09/07,4333,4.323794138010617
2018/09/08,4003,4.257307019735198
2018/09/09,3591,4.25619604566973
2018/09/10,3888,4.261059670781893
2018/09/11,3955,4.313274336283186
2018/09/12,4340,4.300921658986175
2018/09/13,4304,4.318540892193308
2018/09/14,4373,4.280356734507203
2018/09/15,4367,4.256010991527364
2018/09/16,4323,4.212815174647235
2018/09/17,4413,4.292771357353274
2018/09/18,4382,4.338658146964856
2018/09/19,4261,4.300633654071814
2018/09/20,4312,4.259276437847866
2018/09/21,4454,4.329591378536147
2018/09/22,4220,4.228199052132702
2018/09/23,3868,4.213288521199586
2018/09/24,4131,4.320503510045993
2018/09/25,4020,4.276119402985074
2018/09/26,4526,4.281263809102961
2018/09/27,4254,4.256699576868829
2018/09/28,4184,4.338432122370937
2018/09/29,4308,4.156453110492108
2018/09/30,4109,4.192260890727671
2018/10/01,4428,4.198961156278229
2018/10/02,4579,4.259226905437869
2018/10/03,4471,4.272198613285618
2018/10/04,4628,4.2454624027657735
2018/10/05,4565,4.287623220153341
2018/10/06,4162,4.227534839019702
2018/10/07,4351,4.17651114686279
2018/10/08,3859,4.2399585384814715
2018/10/09,4464,4.273521505376344
2018/10/10,4587,4.31676477000218
2018/10/11,4494,4.31241655540721
2018/10/12,4411,4.305826343232827
2018/10/13,4024,4.227385685884692
2018/10/14,3896,4.206622176591376
2018/10/15,4509,4.22200044355733
2018/10/16,4065,4.245018450184502
2018/10/17,4269,4.211524947294448
2018/10/18,4070,4.218181818181818
2018/10/19,4354,4.252411575562701
2018/10/20,4407,4.157930565010211
2018/10/21,3732,4.170953912111468
2018/10/22,4098,4.304294777940458
2018/10/23,4319,4.243574901597592
2018/10/24,4152,4.255298651252408
2018/10/25,4299,4.261223540358223
2018/10/26,4212,4.216286799620133
2018/10/27,4020,4.244278606965175
2018/10/28,3852,4.185617860851505
2018/10/29,4306,4.235485369252206
2018/10/30,4086,4.247185511502692
2018/10/31,4169,4.22883185416167
2018/11/01,4708,4.210917587085811
2018/11/02,4684,4.211571306575577
2018/11/03,4011,4.1795063575168285
2018/11/04,4121,4.137587964086387
2018/11/05,4342,4.220865960386918
2018/11/06,4046,4.217004448838359
2018/11/07,4314,4.238757533611498
2018/11/08,4260,4.237323943661972
2018/11/09,4331,4.200877395520665
2018/11/10,3802,4.20515518148343
2018/11/11,3668,4.217284623773174
2018/11/12,3752,4.231609808102346
2018/11/13,4005,4.236953807740324
2018/11/14,3812,4.351783840503672
2018/11/15,4451,4.34284430465064
2018/11/16,4049,4.20992837737713
2018/11/17,3946,4.205271160669032
2018/11/18,3749,4.21205654841291
2018/11/19,4288,4.233442164179104
2018/11/20,3969,4.271101033005795
2018/11/21,3845,4.231729518855657
2018/11/22,3338,4.157579388855602
2018/11/23,3816,4.264412997903564
2018/11/24,3669,4.195966203325157
2018/11/25,3616,4.20271017699115
2018/11/26,4264,4.204502814258912
2018/11/27,4128,4.249273255813954
2018/11/28,4053,4.282753515914138
2018/11/29,4228,4.283349101229896
2018/11/30,4287,4.214135759272218
2018/12/01,4078,4.157920549288867
2018/12/02,3916,4.157814096016343
2018/12/03,4330,4.2466512702078525
2018/12/04,4234,4.221776098252244
2018/12/05,4079,4.220397156165727
2018/12/06,4015,4.209464508094645
2018/12/07,4250,4.227764705882353
2018/12/08,3930,4.185496183206107
2018/12/09,3721,4.19269013705993
2018/12/10,4159,4.245972589564799
2018/12/11,4036,4.245787908820614
2018/12/12,4247,4.241346833058629
2018/12/13,3998,4.241620810405203
2018/12/14,4519,4.227705244523125
2018/12/15,4274,4.1925596630790825
2018/12/16,3740,4.184224598930482
2018/12/17,4442,4.224223322827555
2018/12/18,4105,4.254080389768575
2018/12/19,4126,4.239699466795928
2018/12/20,4352,4.207490808823529
2018/12/21,4534,4.2059991177767975
2018/12/22,4097,4.132536001952649
2018/12/23,3811,4.168984518499082
2018/12/24,3850,4.179220779220779
2018/12/25,3497,4.1887331998856165
2018/12/26,4037,4.205845925191975
2018/12/27,3958,4.234714502273876
2018/12/28,4254,4.164786083685943
2018/12/29,3987,4.165036368196639
2018/12/30,3861,4.207718207718208
2018/12/31,3959,4.2038393533720635
